Workbook

Sheet Instructions
B3: Statement of Applicability - template instructions
B4: Delete this sheet before you use the workbook.
B6: What this is
B7: ISO/IEC 27001:2022 requires a Statement of Applicability (clause 6.1.3 d). It lists every control in Annex A, says whether each one applies to your organisation, gives the reason, and says whether it is in place. This workbook has one row for each of the 93 Annex A controls.
B9: How to fill it in
B10: 1. Work down the sheet with the person who owns each area. For every control, set Applicable to Yes or No.
B11: 2. Give the reason in your own words. A control is excluded only if your risk assessment shows the risk it addresses does not exist. "We have not got round to it" is not a reason. Controls that apply are also given a reason, for example the risk or requirement that needs it.
B12: 3. For controls that apply, choose the implementation status, and say how it is done and where the evidence is.
B13: 4. Name an owner for every control that applies, and record the date it was last reviewed.
B14: 5. Complete the details at the top of the Statement of Applicability sheet, and have it approved by top management.
B15: 6. Look at the Summary sheet. Every control should be Yes or No before you finish.
B17: The yellow cells are yours to fill in.
... B20: This template is a starting point. It is not legal advice and does not by itself make an organisation compliant with ISO/IEC 27001.

Sheet Statement of Applicability
A3: Statement of Applicability
A4: Organisation | C4: <Company name>
A5: Document ID | C5: ISMS-11
A6: Version | C6: <1.0>
A7: Standard | C7: ISO/IEC 27001:2022, Annex A
A8: Approved by | C8: <Name and role>
A9: Approval date | C9: <Date>
A10: Next review | C10: <Date, within 12 months>
A12: Ref | B12: Control | C12: Theme | D12: Applicable? | E12: Why it applies, or why it does not | F12: Status | G12: How it is implemented (policy, procedure, system) | H12: Evidence | I12: Owner | J12: Last reviewed
A13: A.5.1 | B13: Policies for information security | C13: A.5 Organizational
A14: A.5.2 | B14: Information security roles and responsibilities | C14: A.5 Organizational
A15: A.5.3 | B15: Segregation of duties | C15: A.5 Organizational
A16: A.5.4 | B16: Management responsibilities | C16: A.5 Organizational
A17: A.5.5 | B17: Contact with authorities | C17: A.5 Organizational
A18: A.5.6 | B18: Contact with special interest groups | C18: A.5 Organizational
A19: A.5.7 | B19: Threat intelligence | C19: A.5 Organizational
A20: A.5.8 | B20: Information security in project management | C20: A.5 Organizational
A21: A.5.9 | B21: Inventory of information and other associated assets | C21: A.5 Organizational
A22: A.5.10 | B22: Acceptable use of information and other associated assets | C22: A.5 Organizational
A23: A.5.11 | B23: Return of assets | C23: A.5 Organizational
A24: A.5.12 | B24: Classification of information | C24: A.5 Organizational
... A105: A.8.34 | B105: Protection of information systems during audit testing | C105: A.8 Technological

Sheet Summary
A1: Summary
A2: Worked out from the Statement of Applicability sheet. Nothing to fill in here.
A4: Theme | B4: Controls | C4: Applicable | D4: Not applicable | E4: Not yet decided | F4: Implemented
A5: A.5 Organizational | B5: =COUNTIF('Statement of Applicability'!$C$13:$C$105,A5) | C5: =COUNTIFS('Statement of Applicability'!$C$13:$C$105,A5,'Statement of Applicability'!$D$13:$D$105,"Yes") | D5: =COUNTIFS('Statement of Applicability'!$C$13:$C$105,A5,'Statement of Applicability'!$D$13:$D$105,"No") | E5: =B5-C5-D5 | F5: =COUNTIFS('Statement of Applicability'!$C$13:$C$105,A5,'Statement of Applicability'!$F$13:$F$105,"Implemented")
A6: A.6 People | B6: =COUNTIF('Statement of Applicability'!$C$13:$C$105,A6) | C6: =COUNTIFS('Statement of Applicability'!$C$13:$C$105,A6,'Statement of Applicability'!$D$13:$D$105,"Yes") | D6: =COUNTIFS('Statement of Applicability'!$C$13:$C$105,A6,'Statement of Applicability'!$D$13:$D$105,"No") | E6: =B6-C6-D6 | F6: =COUNTIFS('Statement of Applicability'!$C$13:$C$105,A6,'Statement of Applicability'!$F$13:$F$105,"Implemented")
A7: A.7 Physical | B7: =COUNTIF('Statement of Applicability'!$C$13:$C$105,A7) | C7: =COUNTIFS('Statement of Applicability'!$C$13:$C$105,A7,'Statement of Applicability'!$D$13:$D$105,"Yes") | D7: =COUNTIFS('Statement of Applicability'!$C$13:$C$105,A7,'Statement of Applicability'!$D$13:$D$105,"No") | E7: =B7-C7-D7 | F7: =COUNTIFS('Statement of Applicability'!$C$13:$C$105,A7,'Statement of Applicability'!$F$13:$F$105,"Implemented")
A8: A.8 Technological | B8: =COUNTIF('Statement of Applicability'!$C$13:$C$105,A8) | C8: =COUNTIFS('Statement of Applicability'!$C$13:$C$105,A8,'Statement of Applicability'!$D$13:$D$105,"Yes") | D8: =COUNTIFS('Statement of Applicability'!$C$13:$C$105,A8,'Statement of Applicability'!$D$13:$D$105,"No") | E8: =B8-C8-D8 | F8: =COUNTIFS('Statement of Applicability'!$C$13:$C$105,A8,'Statement of Applicability'!$F$13:$F$105,"Implemented")
A9: Total | B9: =SUM(B5:B8) | C9: =SUM(C5:C8) | D9: =SUM(D5:D8) | E9: =SUM(E5:E8) | F9: =SUM(F5:F8)
